"negation","state","weight"
0.105794695766311,1,0.1
0.348908160105067,1,0.5
0.198502312359119,1,0.9
0.197018367095435,2,0.1
0.444670678503954,2,0.5
0.295829013004885,2,0.9
0.135160264990106,3,0.1
0.222582846731741,3,0.5
0.296741801728642,3,0.9
0.0805099132309831,4,0.1
0.123562740678351,4,0.5
0.164337644715433,4,0.9
0.0732741099837541,5,0.1
0.0844335969422295,5,0.5
0.0975034112784764,5,0.9
